Comments,Ti,Zr,Lu,Hf,Hg,Pb,Th,U
ACA_zrvf_14204,200,34400000,160500,6920000,33,350437.2,642000,2133100
ACA_zrvf_14251,80,43100000,133800,7080000,80,12211,159000,313100
ACA_zrvf_14278,360,36400000,159900,6360000,67,4559,191000,168240
ACA_zrvf_14306,370,35400000,296000,6570000,40,192761,221000,1191690
ACA_zrvf_14307,340,44300000,195000,9080000,90,169862,193000,985500
ACA_zrvf_14348,459,45800000,86600,8160000,54,3450.3,86000,125836
ACA_zrvf_14351,426,38500000,56400,5960000,75,31706.5,27500,185894
ACA_zrvf_14375,164,38300000,127800,7180000,65,91281.5,121000,524750
ACA_zrvf_14391,360,32100000,128800,5480000,100,78223,110700,417040
ACA_zrvf_14437,96,44500000,64100,8940000,58,1381.6,19700,52572
ACA_zrvf_14507,117,39200000,114800,6590000,89,4169.6,71700,159367
ACA_zrvf_14514,116,41700000,141000,7560000,54,4826.6,103000,168220
ACA_zrvf_14551,86,45000000,108400,8210000,88,2708,45000,107887
ACA_zrvf_14593,300,36800000,110200,6410000,88,254245,549000,2549510
ACA_zrvf_14624,523,43000000,74700,6740000,73,1407.2,43000,52262
ACA_zrvf_14676,446,41800000,74400,6480000,81,1603.9,46300,56515
ACA_zrvf_14702,42,40100000,251000,7360000,48,8901.5,143000,346520
ACA_zrvf_14738,141,47300000,87600,9030000,33,2433,32300,96684
ACA_zrvf_14761,46,44500000,443000,8440000,40,29607,758000,1233030
ACA_zrvf_14819,200,34100000,103600,5810000,75,63074.3,101400,342375
ACA_zrvf_14848,298,40500000,172000,6390000,65,77994.9,137000,385730
ACA_zrvf_14884,39,43900000,170000,7190000,57,3650.9,83000,155070
ACA_zrvf_14931,60,41500000,130100,7830000,62,4347.7,82400,173210
ACA_zrvf_14939,232,40100000,79900,6730000,73,1957.5,40100,68797
ACA_zrvf_14940,207,47100000,120300,8370000,59,4074,64600,163469
ACA_zrvf_14979,391,40900000,186000,6370000,62,71149,128100,371790
ACA_zrvf_15054,46,45000000,84300,8890000,67,1965,30800,76459
ACA_zrvf_15055,2400,30500000,391000,5030000,83,362932,315000,4087600
ACA_zrvf_15127,187,33200000,115400,7040000,71,135433.2,153000,715150
ACA_zrvf_15154,160,49600000,158000,9010000,90,3925,110000,158200
ACA_zrvf_15194,100,35500000,294200,6960000,91,15235.4,278000,613430
ACA_zrvf_15197,1800,30000000,61500,5580000,91,49728,32700,254769
ACA_zrvf_15297,443,40200000,141600,6910000,80,243047,549000,1703960
ACA_zrvf_15298,42,40700000,304000,7760000,55,7902,89000,310140
ACA_zrvf_15325,200,42200000,130400,7650000,58,104773,174500,568080
ACA_zrvf_15378,206,44900000,139200,11630000,72,345646.3,329000,4892800
ACA_zrvf_15396,4900,46400000,100900,7700000,63,2846.9,85400,107169
ACA_zrvf_15411,76,37700000,195000,6410000,59,5513.3,139000,218540
ACA_zrvf_15418,305,48900000,108300,8010000,56,3955,72200,154090
ACA_zrvf_15451,280,35400000,112200,6500000,50,90818,81500,395070
ACA_zrvf_15484,276,40600000,196400,7890000,76,187277.4,405000,1066760
ACA_zrvf_15724,630,36300000,245000,6150000,92,8037,349000,335420
ACA_zrvf_15789,115,40300000,112700,7220000,70,3347.8,53300,126910
ACA_zrvf_15820,200,37300000,277600,6970000,100,143291,337000,845240
ACA_zrvf_15823,169,34300000,93300,10090000,25,201118.2,151800,1174670
ACA_zrvf_15825,410,51700000,161000,9510000,72,72238.5,91000,448290
ACA_zrvf_15828,170,31800000,113200,5700000,20,226143.2,498000,1371950
ACA_zrvf_15863,73,41700000,147200,7970000,54,10353.3,96300,406780
ACA_zrvf_15984,23,39100000,228000,8010000,55,10998.4,93500,440220
ACA_zrvf_16052,108,43000000,78000,6910000,47,1923.9,27200,72018
ACA_zrvf_16065,354,38800000,187900,7590000,79,205155,155600,1150110
ACA_zrvf_16084,280,36000000,97900,7280000,85,139152,209000,891610
ACA_zrvf_16147,240,47100000,320000,7560000,22,3640.2,95000,141850
ACA_zrvf_16173,310,36200000,135300,8250000,67,186832,856000,1650460
ACA_zrvf_16228,492,46100000,153200,7160000,92,3645,139800,140669
ACA_zrvf_16244,11.5,37400000,792000,8680000,70,73842.5,1590000,2971200
ACA_zrvf_16288,188,43400000,73700,7430000,50,2277,58900,86018
ACA_zrvf_16297,117,43100000,292000,6290000,40,7973.6,263000,320328
ACA_zrvf_16300,580,44000000,8780,9020000,87,46571.8,200600,301170
ACA_zrvf_14579,34,40000000,306000,7230000,64,19330.5,301500,748290
ACA_zrvf_14646,130,31600000,184200,5740000,89,104632.2,161700,479440
ACA_zrvf_14947,145,42900000,63100,7000000,60,95782.1,175800,625450
ACA_zrvf_15886,730,45000000,447000,11680000,47,397886,475000,5769500
ACA_zrvf_15980,400,26690000,249300,4860000,55,155320,914000,2657820
BAD_zrvf_6074,58,32400000,101100,5330000,83,5285.4,103200,202630
BAD_zrvf_6160,290,40300000,276000,5330000,260,6041.1,280000,244720
BAD_zrvf_6234,15,35800000,137900,5900000,89,7028.9,156400,277049
BAD_zrvf_6247,47,35400000,201000,6330000,61,8638.2,321000,344470
BAD_zrvf_6282,200,30500000,89700,5350000,50,3369,97400,119714
BAD_zrvf_6295,500,40400000,426000,7490000,54,42270,1417000,1880150
BAD_zrvf_6311,270,46100000,289000,6670000,54,8595,194700,367310
BAD_zrvf_6316,48,34800000,243000,6170000,81,10623.1,458000,440150
BAD_zrvf_6328,11000,37300000,274400,6590000,83,12170,563000,495420
BAD_zrvf_6354,17,31300000,134000,5340000,100,3398,87000,131950
BAD_zrvf_6369,111,36300000,119700,5210000,59,9244,337000,377690
BAD_zrvf_6376,48,37600000,215000,6530000,65,9135.9,275000,371650
BAD_zrvf_6378,396,35200000,193800,5020000,64,5302.7,328000,209489
BAD_zrvf_6486,72,36300000,214600,6980000,87,9436.7,242000,375730
BAD_zrvf_6542,33,35000000,138000,5900000,57,9158.8,146000,368710
BAD_zrvf_6564,330,36900000,87400,8760000,39,9182,185900,359580
BAD_zrvf_6688,100,25360000,181900,4220000,35,6010,246100,201660
BAD_zrvf_6727,183,36600000,191000,5860000,60,5318.9,224000,208464
BAD_zrvf_6770,19,28300000,131700,5050000,38,4930,246000,185165
BAD_zrvf_6778,55,38800000,348000,5520000,67,9848.3,453000,401870
BAD_zrvf_6798,153,40400000,345000,6290000,68,14226.5,733000,599260
BAD_zrvf_6817,56,39000000,419000,7680000,54,20020.7,879000,818860
BAD_zrvf_6829,67,36400000,135500,6240000,43,7168.2,163000,300480
BAD_zrvf_6844,3900,30700000,213600,6060000,66,21316,1060000,874160
BAD_zrvf_6858,77,32900000,155000,5820000,93,12499,221000,437140
BAD_zrvf_6937,200,44200000,195100,7510000,129,10136,254000,454240
BAD_zrvf_6941,340,42000000,422000,4930000,78,10629,735000,422930
BAD_zrvf_6947,38,30300000,165000,5350000,78,7248,244000,288060
BAD_zrvf_6949,79,35600000,169000,6420000,85,9219.4,305000,354460
BAD_zrvf_6960,92,44200000,103400,11350000,62,25012,169000,1057560
BAD_zrvf_7025,61,37300000,241000,6090000,67,10138.6,332000,409870
BAD_zrvf_7041,260,38200000,282000,6690000,77,10310,429000,402870
BAD_zrvf_7053,50,46200000,356000,7170000,106,7304,355000,287990
BAD_zrvf_7054,129,35300000,143000,5250000,44,6296.6,162000,243820
BAD_zrvf_7093,104,32900000,279000,5300000,62,8472.6,375000,347380
BAD_zrvf_7113,132,36100000,316000,5290000,57,8365,456000,346520
BAD_zrvf_7188,272,36500000,359000,5630000,58,12101.2,820000,508580
BAD_zrvf_7206,84,37700000,172300,6120000,67,25228.8,732000,1029480
BAD_zrvf_7220,1110,30900000,277000,4770000,131,36159,823000,1498910
BAD_zrvf_7227,53,30100000,227000,6660000,72,11858,262000,460190
BAD_zrvf_7244,217,38400000,324000,5950000,125,12098.3,675000,502480
BAD_zrvf_7247,660,37900000,532000,10530000,190,146315,1700000,8568300
BAD_zrvf_7255,1460,26000000,223000,4450000,68,7864,437000,310249
BAD_zrvf_7355,103,30200000,117300,5040000,66,8897.1,450000,380750
BAD_zrvf_7358,153,34400000,175700,4970000,61,7639.5,224000,287096
BAD_zrvf_7421,129,32800000,204300,5280000,43,7095,398000,297130
BAD_zrvf_7453,380,37600000,84900,6130000,61,3204.9,86000,124990
BAD_zrvf_7501,67,33200000,126900,5880000,65,5899,144700,256707
BAD_zrvf_7510,2610,29690000,288000,4740000,216,15310.8,1340000,655590
BAD_zrvf_7512,98,36800000,252000,5950000,66,6394.6,262000,270870
BAD_zrvf_7513,189,37600000,111500,5840000,29,4661,83100,176217
BAD_zrvf_7517,89,39200000,218000,6180000,40,10659,254000,483470
BAD_zrvf_7519,19,29500000,122600,5360000,65,6565,194000,227620
BAD_zrvf_7534,259,38100000,88000,7110000,59,2933,118000,120082
BAD_zrvf_7570,117,37000000,194400,5550000,74,8068.6,303000,318380
BAD_zrvf_7574,69,34600000,102400,5920000,96,8774.7,223000,344500
BAD_zrvf_7598,152,36300000,242000,5350000,52,23936.6,817000,1004820
BAD_zrvf_7600,111,29840000,255000,4480000,38,6733,152100,254740
BAD_zrvf_7613,1400,26800000,395000,9080000,136,240472,109000000,21141000
BAD_zrvf_7618,94,40100000,145100,6470000,65,5739.1,142700,239788
BAD_zrvf_7619,283,37500000,123300,7290000,69,7352.9,210000,288100
BAD_zrvf_7630,57,40000000,136000,6580000,61,11414.1,298000,432230
BAD_zrvf_7644,1700,43900000,349000,7790000,50,13897,573000,570080
BAD_zrvf_7645,141,33600000,275000,5810000,294,13585,448000,560960
BAD_zrvf_7672,310,36000000,220000,6030000,107,20454,1040000,856290
BAD_zrvf_7690,540,44600000,692000,14420000,213,167793,17100000,9979400
BAD_zrvf_7699,264,30200000,245800,4740000,68,28671,1640000,1177490
BAD_zrvf_7707,111,29900000,168600,5480000,44,5095,200000,188820
BAD_zrvf_7730,135,32700000,222000,4260000,39,12225.9,464000,495530
BAD_zrvf_7794,121,28910000,122200,5410000,70,6925,253000,271010
BAD_zrvf_7827,47,32500000,267000,5290000,58,7205,290000,287100
BAD_zrvf_7842,0,37400000,180000,7100000,77,10165.5,318000,414050
BAD_zrvf_7858,26800,42000000,108800,9280000,74,16081,97800,560990
BAD_zrvf_7861,183,40500000,362000,5540000,57,9666.5,508000,391930
BAD_zrvf_7932,52,30480000,203000,5570000,71,9426,267000,348510
BAD_zrvf_7946,130,36600000,157700,6320000,46,3329.6,140600,134591
BAD_zrvf_7989,67,35400000,270000,6890000,50,41670,518000,1712000
BAD_zrvf_8047,206,39200000,443000,7550000,26,70821.6,1067000,2819400
BAD_zrvf_6791,470,25210000,346000,3510000,131,34180,1993000,1238030
BAD_zrvf_6863,120,38200000,535000,5740000,64,24343,1058000,1012030
BAD_zrvf_7064,138,29300000,262000,6080000,40,60410,1215000,2185130
BAD_zrvf_7495,145,34000000,381000,5020000,53,13106.7,681000,562100
BAD_zrvf_7567,336,38400000,288000,5800000,51,8208.4,414000,320370
BAD_zrvf_7810,80,35600000,109400,6080000,59,3995.9,118100,164180
BUR_zrvf_4128,200,37100000,118300,7600000,50,261114,487000,1507100
BUR_zrvf_4167,600,39700000,42600,5930000,51,5733.9,24700,42462
BUR_zrvf_4227,51,41000000,223000,7050000,60,5445.8,406000,807870
BUR_zrvf_4251,224,33700000,83500,6980000,88,92661,63400,565060
BUR_zrvf_4258,53,42800000,86000,7330000,83,2190.1,133400,303280
BUR_zrvf_4368,143,32200000,206000,8220000,43,167614,322000,1161320
BUR_zrvf_4441,121,42700000,86100,7190000,54,7346.2,52200,182535
BUR_zrvf_4595,100,30300000,62000,6130000,46,15631,10340,634380
BUR_zrvf_4731,50,39200000,121200,7100000,88,2984.5,146000,438060
BUR_zrvf_4868,30,36700000,108900,8360000,43,8031.9,2000,238700
BUR_zrvf_4885,61,39000000,198000,6930000,59,5745.3,610000,805880
BUR_zrvf_4945,25,48300000,98000,8820000,94,2674.5,126100,385920
BUR_zrvf_4994,138,47100000,289000,20600000,29,172335,111000,7190300
BUR_zrvf_5002,111,37100000,104800,5950000,69,1693.9,126800,221613
BUR_zrvf_5137,25,31200000,76600,4790000,81,18162,31800,117168
BUR_zrvf_5230,65,39100000,247000,6690000,28,7784.9,810000,1168170
BUR_zrvf_5243,483,42400000,166000,7820000,66,47293.1,167000,367570
BUR_zrvf_5291,77,39100000,155000,7510000,65,4431.5,336000,664730
BUR_zrvf_5332,50,48000000,169000,8720000,44,7940,165000,490820
BUR_zrvf_5357,192,38800000,44800,7230000,55,10976.3,21490,82067
BUR_zrvf_5400,407,44000000,41000,7890000,48,26652.2,59000,197930
BUR_zrvf_5406,92,34000000,39300,7310000,58,344,62,6523
BUR_zrvf_5589,147,35100000,116300,5930000,56,4022.8,146200,156597
BUR_zrvf_5681,12.5,38000000,352000,8390000,79,8392.7,258000,1218300
BUR_zrvf_5731,12.5,36100000,22100,8650000,72,1219,89,37850
BUR_zrvf_5846,12.5,36600000,11290,7480000,56,30156.4,1960,827930
BUR_zrvf_5862,89,37700000,334000,5580000,60,16835.5,58300,660720
BUR_zrvf_5920,129,38600000,134300,6370000,56,964.4,76400,133863
BUR_zrvf_5973,140,26700000,76600,4520000,80,133486,259400,420980
BUR_zrvf_5992,65,36400000,172300,6960000,77,2154.2,46200,79772
BUR_zrvf_6000,400,38500000,80700,7040000,79,46616.2,116000,282070
BUR_zrvf_6052,33,37800000,96800,6160000,91,1363,121000,189340
BUR_zrvf_6055,77,33200000,105100,6330000,100,139578,288000,733390
GAT_zrvf_8120,317,36100000,39000,6010000,74,4432.2,3600,24122
GAT_zrvf_8169,530,41600000,110200,6670000,75,26101,188000,187340
GAT_zrvf_8259,484,32000000,65300,5640000,51,22915.7,123600,832020
GAT_zrvf_8285,1320,34400000,196800,6070000,52,529546,4050000,6353700
GAT_zrvf_8438,450,29380000,149000,5620000,72,1576.5,23950,60144
GAT_zrvf_8446,62,29600000,197600,4400000,36,2269,53800,79705
GAT_zrvf_8692,124,34200000,26260,5450000,72,3059.3,14300,19757
GAT_zrvf_9206,239,34800000,92700,5850000,62,5600.2,228000,220592
GAT_zrvf_9488,256,34100000,141400,7350000,77,88140.3,116800,454230
GAT_zrvf_9787,1130,36100000,231500,5060000,48,179318.3,227400,751460
GAT_zrvf_10069,250,30600000,160700,4470000,33,186996.5,283000,973100
GAT_zrvf_9608,169,34900000,264500,5010000,49,2202.2,67300,84760
JER_zrvf_12133,274,38200000,97800,8070000,64,236768.8,92200,1611500
JER_zrvf_12165,200,41400000,137400,6760000,79,115247.5,186000,758520
JER_zrvf_12271,194,38300000,178000,5530000,45,21385.4,37200,95670
JER_zrvf_12287,262,45600000,95200,7020000,80,39004,69200,246780
JER_zrvf_12326,259,44900000,215000,7850000,53,226866.9,217500,1218800
JER_zrvf_12348,191,42300000,178000,8370000,57,197777.1,458000,1389800
JER_zrvf_12362,55,43400000,189200,7620000,59,205981.9,343000,1198400
JER_zrvf_12366,222,43800000,110500,7690000,77,99311.5,181000,634640
JER_zrvf_12371,360,50500000,38100,8490000,21,103278,248000,815820
JER_zrvf_12378,95,42200000,213000,6550000,60,23637,666000,940810
JER_zrvf_12387,319,42800000,279000,9930000,36,518654.5,1236000,5316300
JER_zrvf_12400,350,38600000,184300,6800000,33,90173,144600,442190
JER_zrvf_12402,81,43800000,218000,6770000,49,8993.4,334000,362600
JER_zrvf_12423,105,35300000,93900,6170000,60,75358.3,176300,338450
JER_zrvf_12437,55,46300000,118800,7150000,65,74906,516000,515710
JER_zrvf_12463,890,36100000,76600,7100000,74,36949.4,87800,244800
JER_zrvf_12480,720,47100000,277000,9050000,58,268169.6,88800,1973700
JER_zrvf_12536,100,29390000,123100,6120000,86,198589.5,138000,1301310
JER_zrvf_12585,1090,54300000,140000,11950000,86,322578,270000,2789520
JER_zrvf_12589,114,47200000,126500,9240000,58,76513.4,56800,485490
JER_zrvf_12613,339,37200000,130000,9330000,48,391981.6,160000,2839530
JER_zrvf_12634,2750,35200000,223000,7620000,105,49957,196000,425010
JER_zrvf_12702,640,32000000,226300,5200000,92,132922,282000,691850
JER_zrvf_12706,360,52000000,292000,12400000,100,500444,161800,5868900
JER_zrvf_12725,94,34600000,72600,5810000,61,61380.5,97600,410757
JER_zrvf_12728,498,40000000,251000,7670000,53,218865.1,334000,1017560
JER_zrvf_12729,160,40600000,59800,8170000,60,117848.8,346000,773660
JER_zrvf_12730,170,39800000,141500,7340000,36,154222.9,225000,865150
JER_zrvf_12743,304,41400000,33600,5440000,45,32943.5,56400,223600
JER_zrvf_12750,440,46100000,224600,9360000,61,362355.8,330000,3020750
JER_zrvf_12751,440,26020000,255000,5700000,64,328032,259000,3544120
JER_zrvf_12773,520,42600000,324000,8800000,68,341066,356000,2429190
JER_zrvf_12775,189,14800000,33500,3130000,82,35085,56000,215560
JER_zrvf_12813,160,33000000,138200,5520000,67,102610.5,487000,687950
JER_zrvf_12820,235,42500000,61600,7020000,52,18434.7,28700,120113
JER_zrvf_12860,310,44400000,686000,10250000,37,477390,267000,6977500
JER_zrvf_12871,370,42400000,227000,7660000,68,483179.1,1223000,5387200
JER_zrvf_12893,115,42800000,197000,8460000,61,246829.3,358000,1651100
JER_zrvf_12915,236,46000000,319000,9680000,37,175252.7,173000,1208560
JER_zrvf_12954,215,40300000,162000,7130000,55,110259,119700,495600
JER_zrvf_12958,354,47500000,107900,10550000,48,226571.9,166000,1638830
AGI_zrvf_1149,102,46600000,553000,9940000,70,38640.8,1095000,1609420
AGI_zrvf_117,180,51300000,150200,9310000,64,55094,163100,399880
AGI_zrvf_1255,226,44700000,121100,8650000,60,117319.3,266000,853160
AGI_zrvf_1284,570000,27400000,126800,5950000,123,88842,244000,583250
AGI_zrvf_135,56,48500000,175900,7690000,56,5321.3,156600,228946
AGI_zrvf_1362,81,46100000,319000,8870000,53,13136.3,551000,541970
AGI_zrvf_1387,580,39300000,123000,6470000,107,34671,117000,227660
AGI_zrvf_1611,2000,35700000,485000,8550000,43,56421,2270000,2456400
AGI_zrvf_17,242,36900000,487000,5920000,65,16766.1,360000,666920
AGI_zrvf_1706,100,40700000,317000,6610000,36,13400,570000,510670
AGI_zrvf_1769,160,49500000,213000,8500000,70,9635,367000,409070
AGI_zrvf_1780,46,38700000,135500,5790000,56,3571,124000,136812
AGI_zrvf_1880,65,44000000,200000,7430000,67,5543.7,143000,217570
AGI_zrvf_1902,400,45700000,274000,8950000,110,223734,85600,816830
AGI_zrvf_2,163,34200000,118200,5470000,80,34898,145800,226650
AGI_zrvf_229,640,39890000,108000,6940000,70,25801,88100,173650
AGI_zrvf_335,620,44700000,188100,9510000,71,170386.4,126900,1192600
AGI_zrvf_35,10.5,35700000,156700,6090000,88,4617,137300,168235
AGI_zrvf_352,820,34700000,78800,6770000,82,4042,58100,148573
AGI_zrvf_358,21,36300000,146400,6490000,63,6923,221000,284020
AGI_zrvf_360,189,38900000,177900,5880000,47,4459.9,290000,188390
AGI_zrvf_390,179,41300000,125400,6560000,56,2159.9,72400,83177
AGI_zrvf_431,102,39000000,214300,6480000,48,5305,178900,206700
AGI_zrvf_550,200,49100000,159200,9120000,65,136590,403000,985040
AGI_zrvf_596,140,43600000,96600,6520000,87,7543,40600,50744
AGI_zrvf_62,127,40000000,278000,5360000,43,5261.5,181000,199410
AGI_zrvf_670,760,53400000,114600,8080000,20,53223,367000,386940
AGI_zrvf_699,48,41600000,141000,7660000,50,5682.7,139000,223640
AGI_zrvf_709,335,44100000,92700,7020000,42,40604.9,118100,223064
AGI_zrvf_829,155,44800000,302000,7100000,59,10032.6,417000,419050
AGI_zrvf_858,44,44700000,844000,10870000,33,96945,1680000,4217600
DON_zrvf_10028,3470,32500000,34400,4240000,95,586.9,5330,17115
DON_zrvf_10034,1040,39300000,370000,9110000,58,515950,501000,4541290
DON_zrvf_10052,440,46700000,187800,8250000,59,221378,101000,1168900
DON_zrvf_10116,390,40300000,71000,7410000,62,3538,78000,141050
DON_zrvf_10137,270,41500000,145000,7940000,83,303259,101500,1758020
DON_zrvf_8227,390,49300000,93900,7930000,54,2732,63600,95690
DON_zrvf_8275,119,39300000,89900,6930000,73,2943,50800,89079
DON_zrvf_8416,138,43900000,280200,6620000,58,4037.9,103900,155190
DON_zrvf_8545,620,37900000,76200,6310000,22,50176,79200,363680
DON_zrvf_8579,470,37400000,76500,6040000,92,24166,72800,198328
DON_zrvf_8582,185,45300000,140000,8090000,42,111806.6,157000,640720
DON_zrvf_8871,540,41700000,103700,6180000,60,1979.4,76500,73134
DON_zrvf_8872,213,40600000,63900,6510000,55,2013,54100,76051
DON_zrvf_8959,460,37300000,67500,8020000,79,5048.3,54400,201520
DON_zrvf_9002,320,39700000,86600,7530000,51,4861.7,21570,178270
DON_zrvf_9108,174,43300000,173000,7460000,36,3227.8,57700,115024
DON_zrvf_9131,387,42200000,113600,6850000,26,2680.1,99000,106764
DON_zrvf_9160,910,34400000,52300,6520000,116,3782,66300,140006
DON_zrvf_9229,350,18270000,30100,3520000,50,1258,12260,33146
DON_zrvf_9307,98,43100000,182700,5980000,66,128287.3,144500,504600
DON_zrvf_9386,620,42600000,95100,6770000,52,3014.8,77700,117178
DON_zrvf_9410,8,39700000,202000,6560000,36,16432,450000,502470
DON_zrvf_9412,350,41900000,111700,6450000,83,2939,116700,113016
DON_zrvf_9452,128,27640000,37000,4548000,60,9427,29560,73000
DON_zrvf_9462,92,43100000,64600,6100000,41,29315.2,82200,200460
DON_zrvf_9466,310,44700000,106800,6830000,54,2705,52600,102139
DON_zrvf_9528,650,39600000,371000,6980000,39,316327,843000,1407870
DON_zrvf_9603,49,42000000,206000,6300000,76,3346.4,48900,124276
DON_zrvf_9631,115,42200000,195400,7540000,72,3223.8,73400,115860
DON_zrvf_9674,187,52600000,100500,8480000,53,73274,135300,503800
DON_zrvf_9715,480,41600000,66800,6310000,61,2252.8,42400,70141
DON_zrvf_9763,314,42900000,79300,8070000,51,4570.7,86700,180185
DON_zrvf_9802,216,38900000,68900,8350000,36,18540.4,95900,735470
DON_zrvf_9856,370,32100000,57100,4920000,50,1736,32800,61822
DON_zrvf_9985,380,44800000,65500,7640000,46,5994.7,88600,227610
DON_zrvf_8173,19,26890000,252700,4745000,68,3330.8,43100,129921
DON_zrvf_8798,236,44800000,326000,9580000,20,200454,263000,1184340
DON_zrvf_9268,63,33300000,156500,5340000,33,1830,49300,66767
DON_zrvf_9980,33,42200000,334000,6810000,39,60103.8,3380000,2740100
FRI_zrvf_4065,310,49300000,156300,9120000,91,60246,105400,420060
FRI_zrvf_4069,114,41800000,35600,6590000,58,10086,29900,74392
FRI_zrvf_4075,420,41800000,91200,5890000,75,42277,121800,288100
FRI_zrvf_4130,57,48200000,94500,7890000,95,3634.6,43500,96362
FRI_zrvf_4171,422,44000000,105300,8690000,73,74399.9,183700,500510
FRI_zrvf_4200,440,51100000,7800,7770000,50,6390,10130,47978
FRI_zrvf_4269,100,40900000,26900,8500000,100,144712,43400,971880
FRI_zrvf_4315,292,40200000,236000,9310000,81,501198,440000,3846120
FRI_zrvf_4349,550,41900000,4310,6360000,68,5298,7110,43537
FRI_zrvf_4368,43,39500000,84300,7550000,48,2836.1,24320,77429
FRI_zrvf_4376,430,35000000,54200,7060000,108,25097,70600,174493
FRI_zrvf_4393,1020,49100000,134100,8130000,50,4154,119900,164617
FRI_zrvf_4471,370,44800000,47400,6050000,43,2229.6,10170,18089
FRI_zrvf_4521,44,38000000,159500,7980000,62,17978.7,63000,515820
FRI_zrvf_4565,173,44300000,286000,4210000,48,72674.5,990000,2375800
FRI_zrvf_4623,810,31620000,63900,6350000,62,65313,22610,460270
FRI_zrvf_4629,730,46200000,279900,8330000,62,10927,62600,306951
FRI_zrvf_4652,133,42600000,165100,8780000,35,6413,124500,248760
FRI_zrvf_4754,129,42500000,157500,6790000,30,5618.8,175000,232522
FRI_zrvf_4829,468,45200000,40400,8050000,43,6494.3,18370,44630
FRI_zrvf_4877,500,46500000,41000,9590000,19,251030.9,159000,1842800
FRI_zrvf_4968,62,32800000,145800,6010000,55,3439.2,9270,97685
FRI_zrvf_5029,52,42300000,141200,8190000,58,7986,100600,321290
FRI_zrvf_5049,432,47700000,53300,7600000,63,44991.8,99800,349460
FRI_zrvf_5050,51,41800000,125600,6480000,57,5869.5,36600,176330
FRI_zrvf_5052,120,38800000,140300,6550000,56,5066,73800,150830
FRI_zrvf_5102,980,28810000,19500,4420000,67,10419.1,4460,70749
FRI_zrvf_5214,990,42000000,75500,7890000,61,50975.3,13310,340480
FRI_zrvf_5300,690,40800000,10150,6050000,58,12435,4590,88812
FRI_zrvf_5363,238,43700000,70700,7600000,37,18901.7,19400,103707
FRI_zrvf_5399,42,45900000,58000,4970000,30,45375.3,45900,332360
FRI_zrvf_5405,78,41000000,114100,6540000,60,14065,124800,529760
FRI_zrvf_5407,62,39700000,53900,5700000,50,13974,39800,118850
FRI_zrvf_5412,440,45000000,93700,8020000,30,183436,210100,1349860
FRI_zrvf_5657,22,44200000,92900,6620000,31,279.9,98,6859
FRI_zrvf_5684,645,47000000,218800,6770000,71,117071.8,168700,603230
FRI_zrvf_5787,413,43700000,139400,9770000,74,23971.3,27500,166713
FRI_zrvf_5878,188,41500000,173000,6150000,62,3910.6,83500,164130
FRI_zrvf_5946,1880,40200000,171000,7280000,64,48394.8,87500,372760
FRI_zrvf_5948,396,39900000,109400,5600000,65,29731.5,121900,198219
FRI_zrvf_5950,479,43800000,13650,6770000,67,9356.5,24800,67371
FRI_zrvf_5996,78,40300000,72000,6010000,50,967.4,13440,25698
FRI_zrvf_6044,226,41800000,259200,7710000,71,5900.9,98700,229361
FRI_zrvf_6068,810,41400000,102100,6250000,89,50360,88700,414990
FRI_zrvf_6075,88,41500000,86900,6990000,48,2968.8,20300,81272
FUN_zrvf_6229,300,50800000,192000,8610000,108,35151,115000,273050
FUN_zrvf_6259,700,44400000,242000,10310000,55,74644.5,13200,404010
FUN_zrvf_6327,438,43100000,95400,6360000,63,93559.1,198000,535850
FUN_zrvf_6410,360,52900000,62000,9540000,57,189460.2,50100,1612790
FUN_zrvf_6472,750,40900000,35200,5710000,64,21019.5,64400,146256
FUN_zrvf_6523,62,50600000,201000,10100000,46,4713,67000,174260
FUN_zrvf_6540,350,40900000,88800,7000000,60,43102,434000,297210
FUN_zrvf_6786,363,45300000,463000,9390000,50,123192.3,163500,853180
FUN_zrvf_6977,610,49100000,93700,8030000,31,29804.2,24900,242810
FUN_zrvf_7011,50,35500000,193700,5640000,68,3737,103300,135235
FUN_zrvf_7098,367,41200000,71200,5960000,70,2048.7,46800,76973
FUN_zrvf_7148,100,37200000,377000,8950000,100,19291,120000,705100
FUN_zrvf_7154,259,40100000,145000,7090000,52,6261.4,78800,50053
FUN_zrvf_7158,330,34600000,67000,6650000,112,2778,22000,86514
FUN_zrvf_7408,430,42500000,77000,7400000,85,1988,37000,73126
FUN_zrvf_7429,289,42800000,76900,7980000,42,22995.2,3930,172290
FUN_zrvf_7536,244,43000000,299900,6570000,86,7905.4,225800,327171
FUN_zrvf_7612,2440,44000000,98100,8920000,65,84073.2,201000,617510
FUN_zrvf_7656,240,13500000,46300,2490000,91,14121,70400,101035
FUN_zrvf_7706,300,42100000,39600,7000000,77,4557.3,135200,176293
FUN_zrvf_7757,380,39800000,122000,5950000,25,75012,85700,443100
FUN_zrvf_7905,50,46100000,123800,9690000,67,5778,53600,217570
FUN_zrvf_7946,680,40300000,79700,7080000,40,10119.2,12280,71524
FUN_zrvf_6271,129,48600000,82700,8810000,52,83195.2,110000,611290
FUN_zrvf_6482,340,47100000,292000,7430000,53,24643,112000,197460
FUN_zrvf_6990,109,39200000,653000,5821000,30,27883.3,1670000,1114320
FUN_zrvf_8052,240,44000000,506000,12350000,92,31827,127000,1269000
GUC_zrvf_10598,67,45000000,52900,6470000,64,10175.4,71300,286664
GUC_zrvf_10934,270,37900000,357000,7130000,78,12775.7,480000,1983600
GUC_zrvf_10992,1490,37450000,56800,5270000,60,11349.9,234500,302980
GUC_zrvf_11008,380,42000000,106500,8150000,53,17141.7,203900,449260
GUC_zrvf_11157,189,44100000,106200,4440000,53,20397,502000,617390
GUC_zrvf_11412,120,41400000,221200,8940000,90,12158.2,301000,1067620
GUC_zrvf_11439,2130,45600000,55100,6610000,77,7349,162400,256600
GUC_zrvf_11675,114,19700000,31100,3130000,100,8029,205000,219600
JER_zrvf_12992,1850,36390000,148000,7520000,50,335979,390000,2587520
JER_zrvf_12988,144,44000000,64900,7400000,68,50509.1,26280,333480
JER_zrvf_13020,450,51000000,257000,10170000,75,142565,248000,1022350
JER_zrvf_13021,294,45300000,61000,7240000,58,26460.5,43900,172279
JER_zrvf_13023,1060,42600000,82400,7450000,66,15200.8,55900,100641
JER_zrvf_13026,279,43500000,127900,8030000,62,135027.7,113000,706060
JER_zrvf_13083,105,13810000,15010,2270000,56,27233,126900,176773
JER_zrvf_13094,1230,44500000,275000,7420000,88,223528.4,381000,1105850
JER_zrvf_13098,1360,43100000,401000,10700000,65,419321,118700,5940000
JER_zrvf_13100,298,43600000,231000,8810000,63,339868.1,355000,1611160
JER_zrvf_13113,82,39700000,177000,7700000,60,301077.4,99800,1864270
JER_zrvf_13140,289,50400000,165800,7440000,31,67037,329000,374710
JER_zrvf_13162,360,31300000,227000,6460000,65,363446,1199000,3102000
JER_zrvf_13178,200,42600000,105200,8700000,52,235963.5,123000,1349600
JER_zrvf_13191,91,37500000,139100,6980000,27,269449.5,183000,1694390
JER_zrvf_13193,143,44500000,94500,7620000,50,103884.2,129000,666840
JER_zrvf_13207,472,46900000,63800,8300000,70,26119.9,42000,175023
JER_zrvf_13209,396,47400000,40500,9140000,67,214745.6,61400,1473330
JER_zrvf_13238,8100,53500000,189000,11370000,70,263496,336000,2064500
JER_zrvf_13255,375,47200000,221500,8380000,41,199143.5,122700,1158550
JER_zrvf_13262,440,44400000,110200,7420000,82,72328.3,168000,486480
JER_zrvf_13289,217,43400000,114300,7090000,42,220344.5,43700,1349200
JER_zrvf_13292,460,54100000,268000,9630000,54,381031,654000,2041790
JER_zrvf_13364,790,47700000,206000,9130000,65,228837.5,177700,1393140
JER_zrvf_13368,294,47700000,159100,8140000,51,119497.5,342000,620460
JER_zrvf_13370,85,52100000,91000,7920000,38,84951.9,610000,596230
JER_zrvf_13384,322,50800000,178700,7800000,64,92831,108800,445640
JER_zrvf_13386,456,50900000,927000,14670000,81,445601,722000,7582100
JER_zrvf_13407,157,54100000,119800,7670000,88,48910.5,89700,327910
JER_zrvf_13412,448,50900000,57200,9720000,77,147872.2,234000,988990
JER_zrvf_13436,250,45700000,79500,7910000,74,15824.5,17100,100821
JER_zrvf_13444,520,47800000,71200,10070000,76,245916.1,284000,1739230
JER_zrvf_13445,161,46400000,101000,8460000,78,192588.1,148000,1158000
JER_zrvf_13500,710,57500000,275000,9760000,79,627087,1440000,3806250
JER_zrvf_13501,343,40200000,290000,8920000,46,295908,498000,3483680
JER_zrvf_13502,800,60200000,621000,10990000,30,358225,113800,2457100
JER_zrvf_13548,296,45900000,289000,7780000,68,402785,376000,2255270
JER_zrvf_13565,108,43100000,70900,7160000,81,129455,113800,851260
JER_zrvf_13589,245,44200000,152200,8190000,67,38408.6,157300,232670
JER_zrvf_13593,53,47500000,128500,9000000,51,123709.1,173000,818760
JER_zrvf_13600,105,45600000,130900,7600000,72,81865.6,116900,411960
JER_zrvf_13609,227,50300000,37400,8500000,67,48020.7,87700,318300
JER_zrvf_13620,104,28590000,36400,4620000,73,64973.5,106300,417050
JER_zrvf_13624,500,48400000,169000,9290000,31,48134,121200,341310
JER_zrvf_13628,3060,44000000,167000,6960000,66,142799.6,237000,913580
JER_zrvf_13632,410,51900000,237400,10540000,29,342344,41100,2335790
JER_zrvf_13648,880,43900000,79200,7490000,67,120803,1398000,933780
JER_zrvf_13679,233,46200000,83500,8720000,67,102610,84000,650700
JER_zrvf_13704,122,34500000,209000,6180000,63,25386.3,460000,1027100
JER_zrvf_13707,270,27640000,83900,5770000,100,261967,149700,1769500
JER_zrvf_13708,58000,37600000,106400,10000000,62,199948,153100,1310230
JER_zrvf_13713,400,45900000,156000,8230000,79,139296.7,318000,792540
JER_zrvf_13717,189,48700000,83100,7980000,45,56790.7,68200,395700
JER_zrvf_13726,272,46000000,68000,8860000,44,202670.5,571000,1328210
JER_zrvf_13728,370,46000000,62800,7560000,62,8263.7,21800,53892
JER_zrvf_13737,330,55800000,147000,10550000,42,467760,723000,3533600
JER_zrvf_13739,400,54200000,150200,10150000,56,213618.5,29500,1376830
JER_zrvf_13742,167,51500000,140000,7840000,46,173562,95000,1118000
JER_zrvf_13745,360,42500000,89100,7460000,71,24914.9,61100,171200
JER_zrvf_13748,142,48300000,85300,7880000,57,85276.9,34500,540890
JER_zrvf_13772,242,55700000,75900,9110000,76,62927,85500,436010
JER_zrvf_13789,345,44000000,160800,5420000,65,42677.9,72800,197420
JER_zrvf_13792,248,43600000,274000,8580000,86,405816,672000,2074500
JER_zrvf_13794,350,48800000,200600,8690000,44,264361.2,286000,955940
JER_zrvf_13803,196,47300000,103500,8670000,60,150981.1,221000,979970
JER_zrvf_13822,450,45700000,134500,6250000,86,51027.9,83700,248090
JER_zrvf_13823,870,49100000,211000,9320000,73,325286,90700,2449960
JER_zrvf_13860,330,44300000,453000,8220000,58,171986,37400,1162350
JER_zrvf_13863,253,42500000,149000,6650000,46,89064.9,188000,569970
JER_zrvf_13875,38,54100000,162900,8630000,35,22135,463000,879260
JER_zrvf_13888,1710,50300000,62700,8490000,41,43775,49000,295030
JER_zrvf_13889,750,53200000,123200,8790000,50,209766,523000,1233950
JER_zrvf_13893,237,52800000,483000,10190000,48,241026,410000,1621790
JER_zrvf_13908,360,40700000,124000,7000000,89,218301,112300,1180560
JER_zrvf_13920,156,46000000,196700,6800000,62,1270.7,19800,42846
JER_zrvf_13931,543,48900000,140000,9170000,76,91183.4,201000,602370
JER_zrvf_13975,2900,42600000,447000,11430000,57,278592,397000,6172300
JER_zrvf_13980,275,45300000,77700,8030000,79,101450.8,221000,628640
JER_zrvf_13998,304,45100000,85800,12830000,49,426226,296000,6473600
JER_zrvf_14026,1460,43500000,196300,7830000,94,261561,322000,1052720
JER_zrvf_14056,200,45600000,169800,7500000,68,117200.3,184000,722310
JER_zrvf_14068,254,43600000,504000,12780000,74,386762,178000,3765370
JER_zrvf_14093,880,42200000,96100,8050000,52,183221.3,1628000,1364730
JER_zrvf_14094,328,45400000,230000,8990000,30,378652.2,141000,2469070
JER_zrvf_14106,290,52600000,155000,9840000,35,287717,560000,2172040
JER_zrvf_14108,138,42000000,200000,7220000,90,7551.7,173000,296130
JER_zrvf_14129,195,45500000,154000,8020000,42,11740.3,512000,450320
JER_zrvf_14147,170,45800000,91700,7520000,72,88290.3,260000,552940
JER_zrvf_14188,316,43000000,87100,7830000,43,11606.6,4140,75549
JER_zrvf_14194,261,43300000,93600,9350000,37,204830.4,107500,1345820
JER_zrvf_12217,810,31900000,291000,6160000,91,110935,79900,743240
JER_zrvf_12573,16400,41100000,372000,6390000,64,246722,525000,1314320
JER_zrvf_13344,373,41000000,243300,7460000,83,307071.5,518000,1458130
JER_zrvf_13590,620,43200000,371000,6700000,57,256722,784000,1414030
JER_zrvf_13861,830,43000000,406000,9880000,61,554571.6,908000,3543600
JER_zrvf_13932,750,34800000,207100,6470000,90,373771.1,638000,2315650
JER_zrvf_14189,410,47400000,334000,13310000,66,492382.8,142000,3172200
MAR_zrvf_2081,190,49400000,193800,7620000,31,7728.6,298000,329300
MAR_zrvf_2125,440,38200000,121300,5130000,95,2096,64700,72684
MAR_zrvf_2190,67,41600000,214100,7090000,48,6178.9,219000,240475
MAR_zrvf_2216,300,52100000,314000,7390000,36,6370,372000,268370
MAR_zrvf_2225,281,39600000,102400,5270000,48,1541.2,42700,49661
MAR_zrvf_2232,195,41200000,213200,6130000,56,12007.8,384000,486460
MAR_zrvf_2292,36,32200000,125300,4880000,45,2306,77900,81937
MAR_zrvf_2371,204,40900000,116000,5500000,47,2158,75300,81999
MAR_zrvf_2423,900,40900000,232100,8080000,82,11449.6,299000,460262
MAR_zrvf_2432,2200,43200000,240000,6310000,81,8119,294000,274050
MAR_zrvf_2444,452,42300000,159000,6050000,57,2483.3,125000,107045
MAR_zrvf_2454,290,46300000,142300,6860000,25,2641,106900,103599
MAR_zrvf_2471,83,36900000,271600,5980000,44,10143.9,459000,410960
MAR_zrvf_2580,67,37640000,266500,6190000,12.5,11863.5,540000,446220
MAR_zrvf_2594,4020,39100000,281000,7740000,81,20626,830000,777650
MAR_zrvf_2673,370,45600000,229000,6010000,50,4402,218200,165356
MAR_zrvf_2791,150,43100000,490000,6860000,44,22864.7,939000,913440
MAR_zrvf_2824,200,53600000,307000,8690000,43,11187.3,332000,430860
MAR_zrvf_2834,152,39700000,162600,5810000,62,3990,140000,144855
MAR_zrvf_2923,460,39100000,156000,5840000,73,4666.3,184000,177320
MAR_zrvf_3010,200,51100000,331000,7560000,55,8073.9,365000,340400
MAR_zrvf_3052,218,47100000,147900,8020000,68,83942,378100,1283290
MAR_zrvf_3099,106,41500000,340200,6810000,53,14113.7,444000,537860
MAR_zrvf_3115,309,43700000,170200,5760000,59,7616,517000,296765
MAR_zrvf_3120,350,40100000,753000,8460000,79,82039,2450000,3835500
MAR_zrvf_3154,600,40200000,155100,7560000,57,181132,306000,923730
MAR_zrvf_3191,650,36100000,298000,7490000,56,37788,550000,927100
MAR_zrvf_3231,6800,38400000,191800,6460000,69,6355,237000,255547
MAR_zrvf_3235,1100,51000000,254000,8910000,100,20275,559000,843030
MAR_zrvf_3259,101000,35800000,282000,6130000,68,13894,343000,441220
MAR_zrvf_3278,113,34700000,113600,6640000,31,5817,271000,252720
MAR_zrvf_3288,900,40500000,422000,5730000,25,7868,339000,284070
MAR_zrvf_3304,20,33800000,368000,4680000,83,3493.6,87200,133250
MAR_zrvf_3328,200,36700000,112400,5820000,80,2652,93400,95144
MAR_zrvf_3372,200,50100000,259000,8930000,83,12551,393000,524940
MAR_zrvf_3375,770,30100000,183000,4740000,91,8439,163100,306290
MAR_zrvf_3377,350,31600000,194400,4010000,71,4702,163000,164329
MAR_zrvf_3383,139,48100000,565000,8420000,95,34674,1110000,1309500
MAR_zrvf_3401,149,39700000,354000,6250000,63,16686.7,1060000,688030
MAR_zrvf_3422,145,30300000,456000,6540000,45,29860.2,1106000,1238020
MAR_zrvf_3429,20,30100000,141500,5820000,33,8754,246800,323390
MAR_zrvf_3440,3250000,82000,60000,18800,38,2360,17200,48337
MAR_zrvf_3442,2960,36900000,116500,5360000,63,4427,132800,144688
MAR_zrvf_3470,188,42300000,154000,5790000,36,90529,149000,324240
MAR_zrvf_3478,147,27800000,215200,3091000,57,2913,179600,95570
MAR_zrvf_3489,45,42900000,154000,7690000,44,8738.2,310000,348480
MAR_zrvf_3510,410,41600000,207000,6670000,54,4614.6,193000,174107
MAR_zrvf_3598,171,51000000,230000,7770000,40,11215,397000,463310
MAR_zrvf_3651,185,41100000,155300,6720000,28,4010.5,140400,152290
MAR_zrvf_3662,200,38100000,212900,5830000,82,5363.6,197000,221690
MAR_zrvf_3682,233,34100000,128300,4890000,108,1952,55200,64253
MAR_zrvf_3683,107,43300000,225000,6790000,54,6004.7,179000,232720
MAR_zrvf_3688,3700,35600000,243000,4690000,87,6760.6,421000,246940
MAR_zrvf_3690,170,50100000,251000,9270000,75,13876,462000,555030
MAR_zrvf_3710,386,39300000,85000,6420000,51,8047.2,30000,48975
MAR_zrvf_3770,1010,42500000,354000,7070000,170,44258,3080000,1943680
MAR_zrvf_3779,300,50700000,527000,10230000,146,42982,2420000,1833080
MAR_zrvf_3785,10200,42200000,307000,8380000,44,21222,558000,755170
MAR_zrvf_3802,450,42100000,244000,5800000,62,5953.3,334000,226590
MAR_zrvf_3828,800,30700000,195200,6220000,67,9387.6,325000,338340
MAR_zrvf_3830,50,48100000,60800,5380000,85,75007,250000,1197520
MAR_zrvf_3840,690,31530000,340000,6210000,83,24141,548000,931850
MAR_zrvf_3849,2580,22300000,231000,3290000,43,10963,667000,408980
MAR_zrvf_3853,440,30900000,235000,6220000,43,25494,851000,941610
MAR_zrvf_3915,73,37500000,121600,7920000,55,6636.1,186000,258575
MAR_zrvf_3943,870,36190000,321000,6250000,117,16916,479000,682600
MAR_zrvf_3945,5100,29000000,228000,3680000,67,7551,345000,145459
MAR_zrvf_3963,510,37500000,754000,7180000,90,62717,2493000,2618310
MAR_zrvf_3990,90,34900000,201000,5230000,66,4535.5,240000,168290
MAR_zrvf_4024,200,34900000,123900,4960000,48,1895.3,78700,68990
MAR_zrvf_2478,830,25870000,216000,4600000,70,12904,576000,494560
MAR_zrvf_2666,40,49200000,382000,9660000,20,17619,424000,714870
MAR_zrvf_2871,1180,41900000,105500,4530000,53,92292,215000,890420
MAR_zrvf_3100,214,37700000,861000,9930000,62,126834,4190000,6393000
MAR_zrvf_3374,3780,40200000,559000,11870000,63,169513,66000000,10973000
MAR_zrvf_3385,10900,40800000,406000,7070000,120,17727,509000,586940
MAR_zrvf_3790,4900,28250000,514000,5480000,97,48813,2360000,2115330
MAR_zrvf_3797,67,23620000,221700,3480000,33,10068,393000,376750
MAR_zrvf_3818,1550,42400000,1066000,15180000,44,136432,5180000,6533900
MAR_zrvf_3952,1380,39500000,960000,7810000,62,48398,3540000,1966250
PAL_zrvf_14270,102,36000000,94700,6300000,54,3435.6,68500,138592
PAL_zrvf_14272,100,33700000,412000,7040000,43,278795.2,80200,1412860
PAL_zrvf_14278,36,36400000,106500,6200000,57,9618.4,65600,155150
PAL_zrvf_14309,157,38700000,155000,8040000,86,7429.6,55700,275060
PAL_zrvf_14324,214,30370000,149700,5390000,74,5538.3,101400,204373
PAL_zrvf_14326,204,39300000,146200,7360000,60,294581.6,57200,1661510
PAL_zrvf_14351,133,32140000,129700,5810000,57,2992,65200,113748
PAL_zrvf_14353,980,34400000,56100,5700000,84,28176,66000,195870
PAL_zrvf_14363,147,39600000,79600,7500000,47,145053,241000,1299440
PAL_zrvf_14365,1690,38700000,96500,7110000,68,6631.3,123200,254910
PAL_zrvf_14381,250,40000000,65400,7010000,42,6160.6,6290,164100
PAL_zrvf_14390,167,35900000,62900,6120000,62,2211.2,49200,83965
PAL_zrvf_14396,50,37400000,79200,6980000,26,3533.8,29200,140980
PAL_zrvf_14397,200,32900000,54500,5490000,57,1435.2,28900,52194
PAL_zrvf_14430,340,34600000,74300,5090000,62,1425,53500,54500
PAL_zrvf_14450,470,38500000,162600,6120000,111,3210,81000,118286
PAL_zrvf_14479,69,40200000,245000,6770000,71,7536.6,116000,272180
PAL_zrvf_14526,289,33500000,187300,7480000,74,9662.9,130800,345420
PAL_zrvf_14528,218,40500000,99970,7490000,62,3806.6,80000,148970
PAL_zrvf_14554,114,35800000,169000,5660000,41,3725.7,114000,147080
PAL_zrvf_14562,286,37200000,67000,6280000,42,3003.8,60100,106784
PAL_zrvf_14575,36,35700000,141400,5570000,75,1939,38600,78363
PAL_zrvf_14607,57,34340000,178500,5650000,40,4593,118000,186391
PAL_zrvf_14645,45,36100000,301000,6900000,89,83808.5,31400,559010
PAL_zrvf_14650,123,33200000,155000,5670000,60,132083,133000,551070
PAL_zrvf_14685,271,32900000,91300,5680000,53,4192,73300,147930
PAL_zrvf_14686,357,34000000,59300,5400000,65,1608.8,38500,57985
PAL_zrvf_14687,9,35900000,169600,7340000,51,6663.3,52200,197390
PAL_zrvf_14693,103,38000000,65600,7670000,43,4781.8,61900,179250
PAL_zrvf_14723,500,38100000,97500,8430000,47,16473,152000,585230
PAL_zrvf_14748,287,24410000,50100,3770000,60,1895,41900,65039
PAL_zrvf_14850,59,46500000,502000,10320000,56,47735.1,1045000,2124140
PAL_zrvf_14948,220,34200000,76100,6310000,22,4481.6,88800,165220
PAL_zrvf_14965,394,33000000,48200,5440000,42,1551.2,31300,54896
PAL_zrvf_14974,39,35800000,133000,6740000,64,6804.5,154000,273900
PAL_zrvf_14978,17,37700000,156500,6200000,60,5678.2,72800,230619
PAL_zrvf_14981,47,37500000,89600,6900000,41,6999.6,41000,278030
PAL_zrvf_14991,36,27380000,78500,5560000,82,3188,37300,109339
PAL_zrvf_15002,157,35700000,117500,7050000,48,6680,71700,256800
PAL_zrvf_15041,208,35900000,77700,5360000,64,2762.7,61700,103746
PAL_zrvf_15044,410,36000000,80600,5890000,50,3176,82900,114477
PAL_zrvf_15051,310,41000000,100700,6230000,95,2051,45700,74319
PAL_zrvf_15091,2430,32700000,56200,6490000,46,3727,67800,125130
PAL_zrvf_15103,46,38700000,149800,5850000,43,7853.5,91500,218526
PAL_zrvf_15133,60,39100000,92200,6940000,54,3205.6,45900,116770
PAL_zrvf_15149,50,37700000,154700,6280000,59,3944.6,71400,148050
PAL_zrvf_15153,480,36100000,74900,6290000,25,3177,48500,102706
PAL_zrvf_15158,33,41500000,120500,8390000,50,5817.6,50200,225866
PAL_zrvf_15199,40,34900000,65500,6870000,42,4524.1,26660,174780
PAL_zrvf_15228,480,37200000,187000,8030000,93,6124.1,68800,186320
PAL_zrvf_15278,37,36300000,1150000,8370000,57,88166.8,276000,3575700
PAL_zrvf_15288,65,34900000,205100,5390000,86,4930.1,128800,188193
PAL_zrvf_15290,1880,30000000,61200,4660000,87,1669,40700,54882
PAL_zrvf_15312,400,36810000,252600,5214000,67,3822.9,154800,145592
PAL_zrvf_15368,229,43200000,83000,7640000,69,8258.4,120000,308230
PAL_zrvf_15434,239,39900000,77100,6820000,22,3408.8,64500,128912
PAL_zrvf_15439,125,32900000,54100,5980000,67,3462.8,46000,125900
PAL_zrvf_15445,211,35700000,102600,5790000,62,1620.7,37000,57285
PAL_zrvf_15446,12900,32300000,46400,6250000,96,2720.1,51300,96661
PAL_zrvf_15530,204,36900000,70200,6800000,63,6360.5,93000,226700
PAL_zrvf_15532,84,35900000,133000,5650000,52,2912.9,68200,110516
PAL_zrvf_15544,240,42000000,177600,6270000,62,3664,76400,137242
PAL_zrvf_15551,304,40600000,82100,6150000,47,2326.5,66500,85547
PAL_zrvf_15590,530,41900000,391000,8920000,61,20752,471000,797860
PAL_zrvf_15644,163,40100000,149900,5950000,61,4110.4,123400,163910
PAL_zrvf_15645,78,36100000,189000,6060000,35,4218.6,81000,159120
PAL_zrvf_15665,335,36200000,47100,5690000,42,2970.5,38600,100734
PAL_zrvf_15740,210,44000000,72500,7320000,65,39828,82400,272930
PAL_zrvf_15806,210,41800000,282900,7830000,80,10511,221000,388870
PAL_zrvf_15810,58,33700000,180000,5160000,58,5961.3,173000,262890
PAL_zrvf_15813,2330,40100000,74700,6750000,56,61949,92000,462281
PAL_zrvf_15819,108,42400000,186000,7300000,57,44929,666000,1621200
PAL_zrvf_15823,431,35100000,57100,5520000,35,1126,27830,39606
PAL_zrvf_15829,9,31100000,215000,5800000,67,9686.1,232000,382690
PAL_zrvf_15831,52,37100000,118600,5680000,70,3824,60900,151093
PAL_zrvf_15881,530,39700000,59900,5700000,93,2549,36400,91462
PAL_zrvf_15895,88,38200000,74800,7950000,31,7733,101800,302100
PAL_zrvf_15906,920,41000000,60300,6630000,73,2690,47200,89939
PAL_zrvf_15909,117,38500000,84800,7820000,104,6494,111900,262800
PAL_zrvf_15942,200,36200000,65100,6880000,100,3773,70400,143700
PAL_zrvf_15945,241,35900000,64300,5430000,70,1731,39800,67001
PAL_zrvf_15947,18,23610000,44200,3892000,76,12406.5,15000,86479
PAL_zrvf_15951,41,37300000,198000,6500000,76,10214.9,106000,302200
PAL_zrvf_15999,26,38900000,219000,6200000,36,4063.6,82800,155396
PAL_zrvf_16039,62,36700000,66000,5360000,42,1967,28700,77340
PAL_zrvf_16048,480,37100000,87800,4940000,45,1647.7,63000,61090
PAL_zrvf_16090,33,39800000,39500,7220000,68,40887,230900,788870
PAL_zrvf_16126,473,37900000,68600,6220000,60,52973,109000,360610
PAL_zrvf_16135,152,41000000,74300,6710000,64,2520.3,47300,93479
PAL_zrvf_16136,25100,36500000,177900,7780000,67,7921,129000,274870
PAL_zrvf_16141,112,40400000,111900,6460000,73,2314,46200,89955
PAL_zrvf_16149,442,37000000,94000,5440000,77,2469.3,88000,95961
PAL_zrvf_16174,93,33300000,70700,5560000,48,1203,20750,46327
PAL_zrvf_16176,9,37900000,107500,7100000,51,3357,41100,132375
PAL_zrvf_16197,252,36700000,63500,6660000,63,50948.8,88300,340510
PAL_zrvf_16204,73,37900000,124900,6570000,66,2299.9,44400,86095
PAL_zrvf_16207,55,42900000,93900,7310000,40,3880,49400,149010
PAL_zrvf_16222,246,36600000,102100,6450000,44,3434.4,86800,125960
PAL_zrvf_16233,390,35400000,82900,6120000,60,3268.3,60600,125598
PAL_zrvf_16236,98,34400000,119000,5820000,74,2175.7,47100,81818
PAL_zrvf_16238,183,35200000,48500,5880000,41,5203.9,18300,155093
PAL_zrvf_16249,940,37100000,48900,7020000,58,3636,55300,134475
PAL_zrvf_16253,130,34160000,80000,7460000,47,9936.5,107200,408840
PAL_zrvf_16285,206,37800000,69300,6070000,61,2068.9,42800,69102
PAL_zrvf_14790,240,46600000,164000,9966000,70,265087,116000,1842100
PAL_zrvf_15984,36,35400000,248100,9270000,25,453748,286200,2274120
PRO_zrvf_10239,130,46900000,210000,8280000,85,10210,409000,374580
PRO_zrvf_10283,130,40200000,230000,7460000,83,11879,477000,459400
PRO_zrvf_10398,860,21900000,262000,2890000,69,19720,1660000,705000
PRO_zrvf_11016,280,39920000,420000,6070000,100,12336.3,660000,510520
PRO_zrvf_11088,880,44900000,109500,7840000,109,48979,212800,342490
PRO_zrvf_11136,1200,40600000,111200,5890000,76,81477.1,138900,372790
PRO_zrvf_11171,114,41800000,249000,7910000,57,13126,459000,520800
PRO_zrvf_11926,223,41400000,256000,6050000,71,11238.5,526000,430200
RAN_zrvf_16330,600,34100000,195000,5780000,129,13825,413000,457120
RAN_zrvf_16335,67,49600000,276000,8700000,111,11611,348000,411960
RAN_zrvf_16351,64,40100000,239000,6880000,68,10025.6,284000,407950
RAN_zrvf_16352,146,39900000,231300,6700000,61,10438,340000,367670
RAN_zrvf_16356,118,47200000,122900,8570000,48,6369,218000,264126
RAN_zrvf_16361,100,22880000,94900,4064000,94,2950,62800,97446
RAN_zrvf_16368,890,55100000,503000,7920000,67,24672,1524000,1008290
RAN_zrvf_16376,1320,40600000,181000,6940000,20,7581,234600,297050
RAN_zrvf_16381,520,38800000,281000,7340000,35,13320,367000,506690
RAN_zrvf_16382,226,39600000,143000,7550000,42,10648,278000,399650
RAN_zrvf_16391,35100,34700000,354000,7130000,40,21628,629000,823840
RAN_zrvf_16392,186,54000000,450000,7760000,79,11559,599000,476500
RAN_zrvf_16405,610,45800000,178300,8070000,59,7762,192900,304110
RAN_zrvf_16477,780,23800000,68600,4120000,127,4719,132000,181171
RAN_zrvf_16481,332,38900000,576000,7530000,104,34792.9,1870000,1691650
RAN_zrvf_16495,430,44300000,537000,9770000,64,73534,2410000,3453900
RAN_zrvf_16499,410,33500000,419000,6630000,50,17127,653000,677900
RAN_zrvf_16501,1320,34500000,447000,6660000,110,37472,1220000,1379800
RAN_zrvf_16514,68,47100000,193000,7730000,41,6885.9,192000,278070
RAN_zrvf_16597,111,42300000,203000,7110000,62,11109,274000,446360
RAN_zrvf_16608,200,42900000,158400,6010000,64,3720.7,128100,145559
RAN_zrvf_16612,15,35600000,156000,5680000,83,16366.5,418000,681900
RAN_zrvf_16615,440,37500000,792000,9280000,82,80582,3510000,5748800
RAN_zrvf_16620,290,47800000,223000,8460000,71,25221,820000,1118300
RAN_zrvf_16622,3560,27400000,331000,5370000,155,27517,664000,987110
RAN_zrvf_16636,221,38200000,151800,6460000,68,9258,419000,355560
RAN_zrvf_16690,246,45000000,262000,8470000,59,39368,2990000,2050810
RAN_zrvf_16694,420,37800000,102900,6480000,48,5166.1,112300,196353
RAN_zrvf_16695,38000,40400000,231000,6910000,53,12357.6,408000,502600
RAN_zrvf_16700,161,43100000,92200,7060000,72,2357.9,66700,87548
RAN_zrvf_16705,257,21090000,107600,3090000,74,8484,297000,288060
RAN_zrvf_16710,4240,27000000,225000,5620000,69,26293,411000,1103890
RAN_zrvf_16711,410,29460000,105800,5140000,55,5605,124700,206440
RAN_zrvf_16719,200,45800000,268000,8430000,65,9345,320000,379930
RAN_zrvf_16723,219,47300000,338000,8690000,15,19390.6,590000,826800
RAN_zrvf_16730,450,16650000,56700,2900000,27,2264,70500,84018
RAN_zrvf_16733,3700,44700000,531000,8400000,180,85379,5110000,3685200
RAN_zrvf_16735,138,39000000,141400,6530000,62,5132.4,174900,202087
RAN_zrvf_16736,98,32300000,131000,5100000,58,15379.1,351000,579960
RAN_zrvf_16741,86,40200000,212000,7260000,53,8042.2,217000,337410
RAN_zrvf_16744,154,28400000,152000,4410000,57,6282.1,261000,259920
RAN_zrvf_16747,380,33700000,669000,4950000,61,67532,6710000,2956830
RAN_zrvf_16748,5600,34520000,399200,5150000,80,36922,2294000,1482550
RAN_zrvf_16877,108,37700000,208100,5240000,36,8173.1,574000,335500
RAN_zrvf_16883,113,31800000,106400,5090000,29,3238,104100,127578
RAN_zrvf_16886,72,41500000,330000,7110000,55,13711.3,595000,557930
RAN_zrvf_16891,80,29300000,151000,5310000,40,7171,224000,294090
RAN_zrvf_16892,260,18800000,91000,3260000,88,3788,167000,134900
RAN_zrvf_16903,183,17260000,113100,2967000,69,4414,111400,154719
RAN_zrvf_16904,480,39400000,138200,6280000,76,4052,127500,151103
RAN_zrvf_16905,181,30700000,183000,5330000,73,8027.2,288400,322270
RAN_zrvf_16907,1440,16860000,114300,3359000,64,14373,499000,576120
RAN_zrvf_16910,165,41800000,421000,7310000,68,22694.5,926000,881370
RAN_zrvf_16919,145,43900000,368000,5790000,61,7933.4,363000,307220
RAN_zrvf_16923,250,40100000,183200,7040000,67,7064,213000,273010
RAN_zrvf_16924,36,22780000,134000,4000000,59,20897,401000,876280
RAN_zrvf_16931,1480,38800000,155300,6010000,82,5408,148500,194110
RAN_zrvf_17002,48,36500000,271900,7730000,75,14289.7,392000,568130
RAN_zrvf_17012,50,38100000,616000,5570000,50,25292,2430000,976530
RAN_zrvf_17019,15300,23090000,122600,4160000,74,5914,98800,175280
RAN_zrvf_17025,61,42300000,141000,6760000,70,5058.1,179000,210460
RAN_zrvf_17026,570,40100000,229300,6670000,52,6988.9,256000,265831
RAN_zrvf_17033,208,35500000,74200,6090000,48,2134.7,59600,84556
RAN_zrvf_17037,164,46100000,150700,7050000,60,11082.3,469000,447170
RAN_zrvf_17043,100,44800000,197600,7580000,50,7553.2,221400,304120
RAN_zrvf_17049,111,46000000,372000,8160000,100,24196,1397000,999320
RAN_zrvf_17057,185,31000000,171000,5900000,31,14227,829000,662880
RAN_zrvf_17058,1440,24570000,83700,3990000,56,3449.3,103400,128302
RAN_zrvf_17094,123,42100000,129100,7050000,85,4247.3,112900,166432
RAN_zrvf_17099,178,50100000,152000,8530000,39,8473,221000,323340
RAN_zrvf_17107,67,37600000,182200,6450000,120,12089,397000,426130
RAN_zrvf_17108,850,36600000,196000,6860000,88,19660.8,500000,855700
RAN_zrvf_17111,100,50100000,266000,9060000,94,26569,1010000,1006300
RAN_zrvf_17114,1500,42900000,188000,7950000,182,12577,380000,440230
RAN_zrvf_17123,55,44100000,137000,8520000,90,9147,197000,357510
RAN_zrvf_17168,92,36200000,236000,6360000,38,8320,313000,330510
RAN_zrvf_17179,71,44800000,216000,6380000,36,9582.2,220000,390790
RAN_zrvf_17185,44,38800000,137800,5450000,59,10488.2,250000,434130
RAN_zrvf_17214,125,36900000,178700,5770000,53,9528.9,376000,364590
RAN_zrvf_17219,70,32020000,416000,4830000,74,14451.5,719000,571210
RAN_zrvf_17246,400,45700000,196300,7110000,83,26672,785000,1083990
RAN_zrvf_17253,88,36800000,155000,8020000,88,47168,653000,2255700
RAN_zrvf_17254,146,40500000,348000,6200000,33,19614,1330000,849210
RAN_zrvf_17255,163,50200000,520000,7600000,60,35985,2010000,1500900
RAN_zrvf_17259,30,42900000,171000,7010000,38,6199.1,170000,255890
RAN_zrvf_17262,62,42000000,192500,6950000,98,9778.9,359000,384860
RAN_zrvf_17264,130,43000000,165000,6210000,62,9614.5,324000,387780
RAN_zrvf_17268,71,33000000,171500,5710000,31,109623,158400,511690
RAN_zrvf_17271,98,38600000,309000,7310000,57,16225.5,640000,624700
RAN_zrvf_17272,153,39600000,140800,5980000,66,4835.7,184000,198340
RAN_zrvf_17300,63,37400000,213000,6550000,60,8689.4,302000,313410
RAN_zrvf_17306,180,37400000,262000,5400000,51,10600.3,568000,438100
RAN_zrvf_17307,83,44300000,225000,6830000,37,5913.3,256000,239660
RAN_zrvf_17310,54,40400000,139000,7460000,59,5061.8,146000,203480
RAN_zrvf_17313,182,51300000,218100,8300000,58,20269.7,442000,869370
RAN_zrvf_17317,180,39700000,234000,6430000,73,7329,249000,298130
RAN_zrvf_17319,140,51400000,370000,7480000,70,14835,1197000,599490
RAN_zrvf_17322,113,43500000,296000,7590000,54,20559.2,990000,856200
RAN_zrvf_17323,290,38000000,172900,6190000,50,13290.9,559000,570020
RAN_zrvf_17331,137,41500000,214500,6770000,32,12049.5,665000,505540
RAN_zrvf_17351,50,43700000,247500,7500000,59,9962.5,283000,375870
RAN_zrvf_17353,191,47500000,493000,8140000,78,25687.9,750000,1027400
RAN_zrvf_17354,87,48100000,283900,8040000,38,4962,239000,211087
RAN_zrvf_17360,128,41700000,290000,6500000,49,9797.8,363000,403880
RAN_zrvf_17364,108,42700000,216000,7710000,62,14426,520000,521850
RAN_zrvf_17392,300,40700000,67700,5180000,56,912.5,26800,34642
RAN_zrvf_17395,340,27500000,77300,4690000,86,5152.6,76700,198420
RAN_zrvf_17397,34,15180000,62200,2603000,51,2361.6,70500,96428
RAN_zrvf_17403,100,34850000,92700,5960000,46,4300,102500,164649
RAN_zrvf_17404,180,42300000,195600,7620000,54,14032,532000,545880
RAN_zrvf_17410,100,41900000,215000,7350000,57,12109.1,370000,483400
RAN_zrvf_17420,91,37500000,202700,6560000,78,12160,496000,502680
RAN_zrvf_17433,119,43800000,212400,6660000,54,5489.5,177500,210490
RAN_zrvf_17437,113,43000000,335000,7630000,45,22527,1280000,906460
RAN_zrvf_17438,84,36700000,158400,5860000,55,6943.3,233300,263980
RAN_zrvf_17460,184,44800000,304000,6090000,72,13088.2,1060000,531930
RAN_zrvf_17465,214,45100000,161000,8840000,52,22080,447000,893690
RAN_zrvf_17467,58,34820000,392000,7190000,46,26639,890000,1107690
RAN_zrvf_17469,80,34190000,429000,6420000,40,19721,840000,844850
SEV_zrvf_12326,1040,32900000,66000,6290000,86,7855,104400,332300
SEV_zrvf_12556,480,40800000,71700,6540000,65,2207,40400,79807
SEV_zrvf_12683,560,32900000,90000,5390000,55,823.6,43700,98421
SEV_zrvf_12746,109,43700000,243000,6200000,33,6256.7,142200,247718
SEV_zrvf_12996,200,50500000,152000,9300000,110,13402,168000,562260
SEV_zrvf_13573,417,44100000,79500,6500000,36,2273,72000,89654
SEV_zrvf_13599,160,42700000,89200,6420000,49,1138.8,23400,42515
SEV_zrvf_13696,422,44400000,56400,6460000,44,1298.8,31600,46425
SEV_zrvf_13796,540,44400000,54900,7390000,37,2132.7,42000,77617
SEV_zrvf_13901,141,42100000,61200,7010000,59,1152.4,21260,44778
SEV_zrvf_14089,560,42300000,64800,8010000,91,4283.1,81400,166453
SEV_zrvf_14156,4100,36900000,53000,5650000,30,1760.3,39000,60328
TAP_zrvf_1091,68,44300000,214000,7570000,60,10294.5,223000,427390
TAP_zrvf_1204,34,39400000,169500,7460000,74,9501.1,325000,377860
TAP_zrvf_1268,206,29100000,151800,4480000,82,5773,152000,209430
TAP_zrvf_1406,100,6220000,35600,980000,67,1587,32200,34243
TAP_zrvf_1471,188,34800000,373000,4460000,71,9858,845000,399900
TAP_zrvf_1636,61,41700000,215000,6830000,59,2342.3,48200,81108
TAP_zrvf_1750,94,45800000,268000,7510000,72,9711,338000,399740
TAP_zrvf_1881,292,43200000,145800,5880000,48,2663.3,160000,103754
TAP_zrvf_1918,179,36300000,148500,6060000,53,8493,362000,299250
TAP_zrvf_1937,53,44100000,158300,7730000,50,6041.9,130600,242750
TAP_zrvf_2029,47,44200000,191400,7030000,43,7843.3,240300,318269
TAP_zrvf_227,94,46400000,315000,7780000,71,23310,882000,968000
TAP_zrvf_546,63,36100000,260000,6050000,11,11855,482000,478420
TAP_zrvf_55,380,32600000,283000,6110000,86,25704,1120000,1003700
TAP_zrvf_601,113,42800000,264000,6790000,73,8826.8,370000,363730
TAP_zrvf_633,196,43900000,224000,7760000,71,8705.1,340000,368570
TAP_zrvf_743,65,44100000,137800,7360000,36,7569.5,234500,297703
TAP_zrvf_813,3560,45800000,270000,8610000,79,25505,900000,1198200
TAP_zrvf_922,119,38600000,93200,6960000,65,107595.7,120500,493690
TAP_zrvf_969,436,41300000,86000,6890000,52,5539,139300,206850
TAP_zrvf_1723,122,38600000,291000,7990000,50,291665,570000,1852800
TAP_zrvf_825,380,31700000,311000,4130000,75,20052,2082000,735510
ACA_zrf_4364,810,56700000,114100,7720000,79,180468,206700,954940
ACA_zrf_4453,700,73500000,153300,9470000,94,162588,193000,732200
ACA_zrf_4532,830,85000000,429000,12260000,108,403895,489000,2603070
ACA_zrf_4583,240,63700000,112400,7740000,130,79829,91600,352330
ACA_zrf_4613,6200,67900000,722000,9740000,80,570487,2392000,7280000
ACA_zrf_4646,540,71000000,136400,9430000,90,47397,111000,269920
ACA_zrf_4782,247,71900000,103600,8420000,100,107266.9,90100,527830
ACA_zrf_4783,630,75900000,80800,7950000,77,1279.1,23400,41012
ACA_zrf_4788,300,72200000,282000,8080000,94,5178.1,67700,178290
ACA_zrf_4924,248,64600000,103200,10320000,90,214774,103300,1420000
ACA_zrf_5131,510,77900000,235000,11190000,89,425507.5,55000,4370200
ACA_zrf_5151,470,73900000,139600,9910000,96,109374,100900,610480
ACA_zrf_5291,540,75100000,107100,9620000,73,48932,59500,306200
ACA_zrf_5404,870,86300000,449000,12430000,67,373562,350000,2216430
ACA_zrf_5547,511,74000000,145400,7570000,69,54750,98800,260113
ACA_zrf_5548,209,73700000,79600,8190000,85,1995.4,30500,68294
ACA_zrf_5616,357,73400000,99300,8400000,91,2831.5,57100,100098
ACA_zrf_5799,332,73100000,115800,10450000,81,90332,86400,440130
ACA_zrf_5814,289,70500000,102500,9360000,85,41585.7,52800,252820
AGI_zrf_10010,400,63000000,173500,7470000,140,338389,737000,2161510
AGI_zrf_10022,62,67500000,73700,10660000,93,22763.4,70700,848170
AGI_zrf_10113,165,66800000,289000,6650000,71,12220,648000,445277
AGI_zrf_10115,127,67500000,165200,7860000,102,5438.2,133000,195410
AGI_zrf_10123,740,66700000,83900,7740000,133,6091.9,90600,55982
AGI_zrf_10175,900,55800000,183800,8580000,70,185192,99970,1385050
AGI_zrf_10178,394,72400000,439000,8660000,79,20340,533000,768480
AGI_zrf_10297,502,65800000,72800,8430000,96,22865.6,25800,145428
AGI_zrf_10299,670,65600000,110100,8040000,95,12226.5,54700,74107
AGI_zrf_9169,1330,53300000,363000,7760000,109,206037,485000,3795100
AGI_zrf_9186,780,65900000,99670,8080000,111,22464,59800,129400
AGI_zrf_9197,340,69600000,118200,9240000,78,79227.3,145000,499570
AGI_zrf_9285,477,66900000,130600,9090000,58,17954.8,43700,107082
AGI_zrf_9326,281,74000000,225700,8730000,52,79955.5,313000,528860
AGI_zrf_9356,546,68500000,87500,8200000,100,23938.3,59200,148389
AGI_zrf_9380,438,73400000,186000,8090000,72,3789,126000,129980
AGI_zrf_9399,365,66000000,161800,7780000,123,44259.4,149700,283070
AGI_zrf_9476,298,68900000,200300,7900000,98,4242,115300,153438
AGI_zrf_9501,116,74500000,365000,7770000,63,9880.7,440000,386830
AGI_zrf_9503,240,73700000,160000,10030000,44,5089,102700,182310
AGI_zrf_9510,141,74800000,747000,10380000,87,59073.1,1770000,2356100
AGI_zrf_9511,530,74600000,340000,12510000,115,46504,690000,1883200
AGI_zrf_9558,370,57200000,104800,6580000,63,24793.9,100200,163253
AGI_zrf_9664,1450,68500000,158900,8290000,83,38705.3,96500,242719
AGI_zrf_9764,630,74900000,201400,10030000,73,71403,175000,431200
AGI_zrf_9961,5300,46700000,74700,5400000,78,1793,41300,58027
AGI_zrf_9982,350,65600000,148000,7630000,53,3842.9,102000,129920
AGI_zrf_9036,11500,74400000,470000,6720000,76,46268,1990000,1702280
BAD_zrf_5902,195,68400000,154000,8810000,95,7768,145000,302050
BAD_zrf_5912,320,67500000,331000,6980000,96,9643.5,315000,354530
BAD_zrf_6039,234,71100000,237000,8190000,102,9316.5,310000,336400
BAD_zrf_6048,600,53800000,159300,5090000,44,3022,106100,101604
BAD_zrf_6208,143,69200000,299000,8360000,84,9424.7,332000,350410
BAD_zrf_6340,460,62100000,64500,7690000,58,20604.9,37700,117160
BAD_zrf_6402,440,80700000,320000,6610000,111,3028,210000,113048
BAD_zrf_6425,106,69100000,79800,8940000,70,4172.6,60200,160996
BAD_zrf_6707,218,71600000,151800,7860000,82,10118,248000,396860
BAD_zrf_6735,225,75000000,212300,8100000,91,5821.8,161400,214510
BAD_zrf_6952,178,71100000,399000,7520000,61,11548.5,437000,448160
BAD_zrf_6999,396,64000000,565000,6320000,78,36455.3,2450000,1379700
BAD_zrf_7055,265,65600000,165000,6950000,67,2476,80400,90539
BAD_zrf_7066,429,66600000,157800,5930000,68,1273.7,49000,46864
BAD_zrf_7068,100,77600000,215000,9830000,127,19633,618000,746170
BAD_zrf_7252,240,44600000,194300,5720000,80,7684,256000,294190
BAD_zrf_5897,4030,70400000,388000,6610000,64,12575,745000,458270
BAD_zrf_6640,111,66100000,284000,8330000,104,9808.3,384000,368450
BUR_zrf_1096,467,68200000,100300,8170000,96,1913.9,37800,62841
BUR_zrf_1295,65,69500000,208300,8350000,71,9440.5,64300,251844
BUR_zrf_1335,990,72200000,108300,9120000,80,1958,30600,68504
BUR_zrf_158,1390,67000000,117900,9180000,88,169531.3,127000,1077660
BUR_zrf_226,740,82300000,8750,9190000,56,13486,30400,117743
BUR_zrf_238,102,68500000,37100,8080000,71,19742.4,29800,181290
BUR_zrf_258,372,74000000,79300,7980000,54,1413,115600,195360
BUR_zrf_46,138,71300000,241100,8030000,96,3954.2,285000,516660
BUR_zrf_508,129,67200000,106100,6770000,64,1130.5,66300,144034
BUR_zrf_517,400,65100000,3560,7570000,83,4789,9370,42537
BUR_zrf_751,77,68200000,25100,8340000,80,10576,27100,290040
COR_zrf_1314,140,57900000,67100,7860000,114,129736,98000,351750
COR_zrf_1837,300,75600000,131800,9280000,148,39931,417000,452330
COR_zrf_2611,370,80400000,119000,9120000,110,1908,102300,226570
COR_zrf_2811,1250,79500000,88700,12010000,82,31341,61200,199736
DON_zrf_1633,920,68900000,85800,7640000,69,2262.7,39800,78590
DON_zrf_1772,600,63700000,71400,7630000,155,23447,25450,143590
DON_zrf_1833,680,62300000,77400,7180000,70,1676.4,35800,61654
DON_zrf_1846,300,52800000,193000,8260000,112,285247,239000,1188450
DON_zrf_2412,154,50000000,59700,6060000,81,38013.6,50300,277538
DON_zrf_2732,200,72500000,171000,8550000,100,3247,69500,119828
DON_zrf_2822,3410,64200000,65500,10230000,133,8454,124700,312134
FRI_zrf_5937,474,75200000,152000,8830000,96,80560,85000,495710
FRI_zrf_5954,780,73300000,10020,9710000,100,24171,17260,118082
FRI_zrf_6024,538,75700000,45000,7810000,108,10911.3,21700,66393
FRI_zrf_6052,350,61400000,104900,8360000,75,53073,64100,336450
FRI_zrf_6061,446,71500000,38300,7230000,104,11683,32100,71722
FRI_zrf_6081,528,72100000,6340,9270000,111,169886.7,242100,1178340
FRI_zrf_6202,302,73400000,44800,7970000,82,12724.5,19100,86595
FRI_zrf_6235,340,70800000,162300,7400000,78,86434,170100,571150
FRI_zrf_6236,1090,85300000,15880,11930000,76,276198,236000,1570340
FRI_zrf_6346,526,70500000,26100,7340000,89,24640.8,69600,160143
FRI_zrf_6449,429,60500000,58200,7610000,88,55963,32000,327370
FRI_zrf_6579,1480,76500000,78400,9270000,102,49097,77300,362390
FRI_zrf_6713,520,72100000,114100,9680000,88,203757,132400,1274140
FRI_zrf_6754,1020,76500000,216000,9510000,105,143590.9,281400,664750
FRI_zrf_6774,970,78200000,191700,11090000,60,819088,668000,5851240
FRI_zrf_6802,400,73500000,222400,7140000,107,43899.4,93900,277444
FRI_zrf_6823,530,73000000,7180,7800000,104,9471.6,12940,67371
FRI_zrf_6829,124,78400000,298000,9120000,79,13034.5,166000,340540
FRI_zrf_6867,461,80500000,178000,11840000,122,362156,293000,2507010
FRI_zrf_6892,318,72100000,223500,10020000,77,195888.9,241000,1349300
FRI_zrf_6922,650,81900000,274000,9390000,64,101836,140400,486550
FRI_zrf_7041,1480,70700000,76700,9580000,96,19266.6,37800,126188
FRI_zrf_7069,1570,85400000,442000,11510000,96,151713,252000,959950
FRI_zrf_7087,990,74900000,101500,10390000,71,12419.6,8660,82881
FRI_zrf_7094,850,70800000,49400,8980000,76,43899,62400,282090
FRI_zrf_7284,1010,81500000,14900,5290000,78,12029,27300,84575
FRI_zrf_7294,800,71500000,35500,5730000,83,2967.3,2480,17832
FRI_zrf_6494,530,79200000,553000,12640000,100,352883,87100,2374280
FUN_zrf_3086,130,57100000,70200,7570000,88,228686,404000,489570
FUN_zrf_3141,1950,65300000,493000,18900000,143,252692,270000,5920100
FUN_zrf_3568,42000,59000000,47100,6800000,104,171287,246000,1352750
FUN_zrf_4136,660,59400000,95600,5970000,67,7683,237800,262050
FUN_zrf_4307,990,78500000,110500,9950000,106,28936.2,63000,176290
GAT_zrf_4640,221,76100000,324000,10150000,89,297772,288000,1896260
GAT_zrf_5004,370,71900000,122000,8510000,87,65463.8,256000,406899
GAT_zrf_5188,426,69600000,123900,8270000,92,18393.7,58200,109800
GAT_zrf_5194,1370,66000000,84700,7670000,80,36122.6,69000,223540
GAT_zrf_5227,240,65200000,101600,8860000,106,3329.9,57500,112593
GAT_zrf_5335,460,71000000,104500,8340000,69,49826.1,84100,305220
GAT_zrf_5442,2900,73900000,92700,9790000,78,105069,78500,647570
GAT_zrf_5641,342,67000000,95600,7880000,91,58982.2,103700,360270
GAT_zrf_5729,320,77000000,242100,8240000,88,86451,122100,426970
GAT_zrf_5799,660,76900000,100800,8930000,100,3288,94000,113827
GUC_zrf_7308,239,67300000,101300,8310000,78,18167,221500,435210
GUC_zrf_7569,228,73800000,97100,9180000,65,157591.8,225300,996260
GUC_zrf_7679,216,64000000,226000,7030000,81,44341.8,1740000,1037400
GUC_zrf_7816,233,69000000,122200,7590000,102,28056,1030000,709990
GUC_zrf_8053,170,68200000,200000,7970000,48,4365.1,157200,367670
GUC_zrf_8209,680,65300000,111400,6770000,78,1492.8,31200,33922
GUC_zrf_8682,100,58400000,121200,6860000,52,13779,252000,329460
GUC_zrf_8902,1620,62900000,168500,7250000,55,95773.5,130600,616520
JER_zrf_12140,455,67900000,74200,10310000,71,296386.7,293000,1852850
JER_zrf_12141,298,70400000,167700,7540000,119,103263,194000,532780
JER_zrf_12146,1250,54800000,480000,7210000,105,387143,1185000,4893600
JER_zrf_12165,173,68000000,169000,7820000,71,7296.9,143200,276060
JER_zrf_12201,560,70600000,112300,8590000,97,8728.5,45200,52668
JER_zrf_12259,426,67100000,238000,7710000,55,58589.5,123300,290990
JER_zrf_12277,215,67100000,71500,8130000,70,50414.2,61200,303190
JER_zrf_12282,730,69000000,230000,8130000,100,162196.4,298000,774610
JER_zrf_12308,580,67200000,215200,9250000,76,113344.8,154400,687970
JER_zrf_12359,356,65300000,106800,7280000,55,48177.2,75000,276890
JER_zrf_12459,480,65100000,211000,8980000,79,64038,137000,389800
JER_zrf_12483,362,65800000,96200,7290000,63,63526.9,78400,287000
JER_zrf_12486,620,65200000,19600,6770000,50,191668.5,261000,1178350
JER_zrf_12516,252,67300000,223600,9300000,89,322222.9,433000,1552990
JER_zrf_12542,880,43500000,87500,5510000,118,40793,73000,243740
JER_zrf_12573,520,60100000,160200,7350000,79,100014.3,380000,483580
JER_zrf_12585,430,60800000,133600,8470000,75,193202,219000,1178460
JER_zrf_12599,870,67300000,221000,8110000,96,174316.9,684000,933650
JER_zrf_12602,600,53600000,173000,6930000,122,117821,46600,566970
JER_zrf_12628,1040,71200000,280000,8390000,110,412221.5,397000,1933280
JER_zrf_12647,361,66200000,80700,7400000,94,46277.3,66000,288070
JER_zrf_12652,850,53000000,110100,6800000,145,116481,145000,536920
JER_zrf_12685,380,44300000,131000,5920000,80,229499,540000,1198500
JER_zrf_12740,2850,57000000,43900,5440000,83,19957,23900,130074
JER_zrf_12767,780,68900000,241000,13320000,72,531185.2,207000,5808600
JER_zrf_12785,50000,56900000,49900,5870000,32,22319,20100,100190
JER_zrf_12793,400,66300000,278000,10290000,130,452658,572000,2819500
JER_zrf_12824,690,63200000,65700,7650000,77,12680.3,12140,75319
JER_zrf_12825,570,65700000,82600,8560000,102,6961,98100,231730
JER_zrf_12850,374,70400000,109100,8730000,83,71425.1,61800,371780
JER_zrf_12864,250,70200000,182400,9090000,35,231163,329000,1247920
JER_zrf_12902,429,75500000,145500,10270000,109,287060,307000,1806550
JER_zrf_12915,600,66600000,454000,13300000,109,533475,260000,7077900
JER_zrf_12920,329,63700000,99970,7020000,57,59015.5,207700,310684
JER_zrf_12954,509,66100000,157000,11220000,70,577080.6,259000,4591100
JER_zrf_12968,560,39400000,103000,4750000,94,91046.5,127000,442080
JER_zrf_13049,575,65800000,96700,6760000,67,26577.1,94500,164899
JER_zrf_13060,465,67600000,231900,9450000,77,42722,294900,259489
JER_zrf_13148,287,68300000,215000,7010000,77,83430.3,966000,540800
JER_zrf_13171,540,75700000,320000,12210000,71,421812.1,271000,2475790
JER_zrf_13196,670,63400000,242000,7200000,69,146905,229000,677860
JER_zrf_13219,498,67400000,131900,8680000,71,38843.3,118600,240705
JER_zrf_13264,328,67800000,246500,9460000,77,103701.3,324000,643730
JER_zrf_13272,1850,67800000,325000,7120000,111,186358.2,336000,865190
JER_zrf_13376,443,68000000,29700,6550000,87,24642.6,36500,155355
JER_zrf_13384,620,66600000,158300,8170000,83,207101.5,113700,1038230
JER_zrf_13385,370,62800000,95000,8420000,76,109233.2,146000,543870
JER_zrf_13467,290,65400000,96800,7480000,84,80127,99300,358038
JER_zrf_12392,520,61700000,373000,10340000,77,365701,153300,2139470
JER_zrf_13383,580,63900000,242000,9360000,78,393962,105200,2961430
MAR_zrf_146,200,67300000,49900,7360000,102,16516.2,143700,347520
MAR_zrf_176,138,67700000,222000,7740000,87,5439.8,199300,199001
MAR_zrf_230,720,67000000,160000,6770000,91,3106.3,119000,108345
MAR_zrf_323,230,70400000,304000,5990000,113,4204.9,228000,149070
MAR_zrf_498,660,57600000,169900,5670000,132,4841,292000,160398
MAR_zrf_555,1020000,43300000,112300,4210000,38,2652,64400,90193
MAR_zrf_653,200,69700000,224000,9240000,76,7821.7,270000,281050
MAR_zrf_779,600,86200000,377000,9160000,75,5308,290600,209500
MAR_zrf_780,214,71900000,370000,8180000,73,16783.8,672000,633540
MAR_zrf_829,196,73600000,561000,7190000,102,14037.8,657000,498620
MAR_zrf_97,311,67800000,213000,6180000,78,2893.7,61000,98978
PAL_zrf_3048,61,68400000,352000,10880000,61,49333.2,560000,1923200
PAL_zrf_3096,1120,59200000,58000,7210000,95,8392,8400,64646
PAL_zrf_3270,177,69400000,84700,7900000,98,51912,126000,353560
PAL_zrf_3383,338,67100000,147000,7280000,67,1628.9,36080,56703
PAL_zrf_3401,520,69800000,76600,8480000,56,2214.4,39200,78487
PAL_zrf_3738,680,61900000,58600,6930000,81,1682.5,30300,50550
PAL_zrf_3800,340,70900000,101800,10150000,81,9134,107400,348400
PAL_zrf_3864,920,67400000,80100,7390000,103,2639,49000,77560
PAL_zrf_3904,298,69200000,72800,8560000,85,53563.5,85200,348640
PAL_zrf_3907,850,79700000,81400,9410000,76,3633.9,62900,129950
PAL_zrf_3924,52,68600000,607000,12430000,74,33647.6,200000,1148100
PAL_zrf_3962,550,59900000,59200,8480000,169,3319,48900,102889
PAL_zrf_4079,400,58300000,84500,7720000,127,3780,66600,129592
PAL_zrf_4109,243,56200000,139000,7380000,73,146747,133000,579090
PAL_zrf_4190,443,65600000,90000,7260000,80,2134,53300,73283
PAL_zrf_4433,660,65100000,115400,7670000,60,6425.4,150000,216600
PRO_zrf_10476,478,66000000,326000,5710000,49,4561.6,298000,173224
PRO_zrf_10729,680,74300000,734000,7250000,89,20500,1471000,815860
PRO_zrf_11181,191,66700000,109200,8060000,72,21170.7,179000,132029
PRO_zrf_11234,307,69000000,293000,7680000,83,13895.1,728000,518800
PRO_zrf_11274,630,73600000,312000,6760000,88,218586,435000,1054560
PRO_zrf_11709,426,67900000,239000,6070000,67,4630,211000,164215
PRO_zrf_11721,183,70300000,62300,8920000,60,89884.8,91800,567070
PRO_zrf_11998,417,66700000,339400,6850000,69,19822.4,1630000,738940
PRO_zrf_10538,390,75200000,402000,8950000,82,15446,835000,607310
PRO_zrf_11847,330,79500000,354000,10590000,45,222770,406000,935810
RAN_zrf_8637,213,73400000,344000,8250000,102,11678,464000,396990
RAN_zrf_8651,2620,50600000,3770000,23700000,91,297996,66000000,35644000
RAN_zrf_8682,285,72200000,179000,7750000,74,5571.5,176000,202551
RAN_zrf_8693,275,76100000,129400,8590000,63,5082.2,151600,194450
RAN_zrf_8751,360,67500000,212000,7190000,82,5379,208400,203991
RAN_zrf_8752,256,73600000,181000,8320000,81,4812.6,130800,176255
RAN_zrf_8759,239,73100000,283000,8330000,51,11299.9,325800,433080
RAN_zrf_8760,129,72800000,403000,8180000,73,7766.6,230000,291843
RAN_zrf_8922,330,85500000,431000,8190000,106,10400,547000,401743
RAN_zrf_8942,530,79300000,97000,8810000,89,3233,75600,113400
RAN_zrf_8971,300,72300000,158000,8110000,92,4530,117000,158150
RAN_zrf_8984,336,68700000,183000,6240000,100,2592.2,54700,91490
RAN_zrf_9025,228,76200000,135600,8240000,78,3165.5,84100,116656
RAN_zrf_9029,145,73200000,293000,8470000,76,12131,394000,454350
RAN_zrf_9127,860,69600000,110800,7500000,100,2297,65900,78322
RAN_zrf_9220,143,58300000,278000,5830000,33,5309,267400,185123
RAN_zrf_9221,108,73300000,196000,10030000,80,8034.1,207000,287050
RAN_zrf_9277,221,67200000,194900,7530000,78,6897.5,213000,250740
RAN_zrf_9338,360,77100000,392000,7030000,109,8379,587000,320970
RAN_zrf_9351,3400,79600000,565000,10850000,132,51991,2600000,2013700
RAN_zrf_9353,354,72600000,316000,7660000,110,11664,726000,418040
RAN_zrf_9359,467,69200000,182000,6870000,61,3344,187000,130897
RAN_zrf_9367,149,71800000,220900,9550000,94,8752.3,227000,316300
RAN_zrf_9371,147,72100000,336300,8470000,97,10977.5,638000,414640
RAN_zrf_9406,1230,47200000,1840000,8530000,108,298538,123000000,23260000
RAN_zrf_9537,310,83000000,271000,8420000,60,7849,245000,316220
RAN_zrf_9549,167,66700000,89300,7810000,79,3507.5,83600,123270
RAN_zrf_9550,620,80100000,367000,9390000,144,11052,430000,431130
RAN_zrf_9555,253,78000000,239000,8320000,37,6806,193000,277040
RAN_zrf_9561,750,69800000,293600,5740000,83,2949,128900,107481
RAN_zrf_9566,167,71500000,392000,6810000,63,12700.3,476800,491560
RAN_zrf_9571,311,70100000,139100,7740000,98,4437.8,115900,160997
RAN_zrf_9572,274,70500000,311800,6670000,78,6459.7,292500,234278
RAN_zrf_9579,327,82100000,180900,7530000,77,2026.1,65300,79454
RAN_zrf_9593,240,73500000,205000,8810000,82,8799,259000,325410
RAN_zrf_9596,3400,70800000,272000,8370000,70,7328,292000,261470
RAN_zrf_8772,900,48300000,3170000,9670000,76,1699676,116000000,38458000
RAN_zrf_9480,55,69200000,364000,7210000,58,16705,808000,626520
SEV_zrf_7383,296,70500000,138500,7800000,83,3037.8,59800,108779
SEV_zrf_7432,720,75000000,77700,9580000,82,5545,84700,204505
SEV_zrf_7547,980,61700000,204900,6370000,109,107779,191400,476570
SEV_zrf_7629,370,70700000,66300,8220000,96,1847.8,42700,64870
SEV_zrf_7788,89,67300000,124500,9220000,94,2664.1,34100,95600
SEV_zrf_7985,270,56900000,1850,6530000,112,13648,5060,86486
SEV_zrf_8014,840,65600000,103300,6940000,90,1393.2,52800,47830
SEV_zrf_8050,810,66800000,65400,7580000,86,1804,41600,60911
SEV_zrf_8469,206,74300000,112600,9210000,69,3250,54100,114810
TAP_zrf_10256,142,71200000,96400,6960000,94,2821.9,74200,104834
TAP_zrf_10349,270,70300000,229600,7520000,106,7216.4,162100,271020
TAP_zrf_9776,187,66500000,364000,8590000,96,19252.4,740000,675000
TAP_zrf_9914,461,70700000,259000,6410000,69,5028.9,257000,186370
